{"frameRate":24,"version":"4.5","name":"robot","isGlobal":0,"armature":[{"frameRate":24,"aabb":{"x":-104.29244559427953,"y":-128.7545855290259,"width":225,"height":204.9026921913886},"skin":[{"name":"","slot":[{"display":[{"edges":[0,1,1,3,2,0,3,7,7,2],"type":"mesh","width":86,"path":"leg1","height":144,"triangles":[0,4,1,5,6,1,4,5,1,1,6,3,6,7,3,6,2,7,5,2,6,0,5,4,0,2,5],"transform":{"y":-48.0856,"skX":-18.2733,"skY":-18.2733,"x":-15.7589},"weights":[3,4,0.6892714795425239,6,0.24284799279844313,8,0.06788052765903313,3,4,0.7213560873691768,6,0.173453639335267,8,0.10519027329555625,3,4,0.16142582916544904,6,0.420193409643653,8,0.41838076119089795,3,4,0.009944692800411457,8,0.9416300172889287,6,0.04842528991065982,3,4,0.9981631678611872,6,0.0014180131432804971,8,0.000418818995532399,3,4,0.643018810051221,6,0.35691519714136627,8,0.00006599280741273299,3,4,0.0004976889926622788,8,0.6182009306550598,6,0.381301380352278,3,4,0.010168876620470753,8,0.9223137209607384,6,0.0675174024187909],"userEdges":[],"bonePose":[4,-0.45847365843619525,0.8887079973310306,-0.8887079973310306,-0.45847365843619525,-44.75000000000001,-67.95,6,0.5042628878215898,0.863550195394472,-0.863550195394472,0.5042628878215898,-72.35,-14.450000000000003,8,0.949571737112196,0.31354986218738234,-0.31354986218738234,0.949571737112196,-40.35,40.35],"vertices":[-43,-72,43,-72,-43,72,43,72,-7.11,-57.5,-31.26,-4.45,-0.11,52.55,31.44,72],"uvs":[0,0,1,0,0,1,1,1,0.41729,0.10071,0.13648,0.46911,0.49869,0.86494,0.86555,1],"slotPose":[1.0000000000000002,-1.1102230246251565e-16,1.1102230246251565e-16,1.0000000000000002,-40.236945952459266,-10.251893337637249],"name":"leg1"}],"name":"leg1"},{"display":[{"edges":[3,2,2,0,0,4,4,1,1,7,7,3],"type":"mesh","width":80,"path":"leg2","height":136,"triangles":[5,6,7,5,7,1,4,5,1,7,6,3,6,2,3,5,2,6,0,5,4,0,2,5],"transform":{"y":-52.4807,"skX":-10.3696,"skY":-10.3696,"x":-12.2144},"weights":[3,5,0.6731705295083414,7,0.24606468626298517,9,0.08076478422867359,3,5,0.840348415620753,7,0.0976379666863413,9,0.062013617692905594,3,5,0.201304397453197,7,0.41302767782913447,9,0.3856679247176685,3,5,0.013090365433692266,9,0.9176472145444495,7,0.06926242002185819,3,5,0.9867836973551843,7,0.009106348364080988,9,0.004109954280734625,3,5,0.9508682568971103,7,0.04686424186265431,9,0.0022675012402354135,3,5,0.0021185300366839497,7,0.7154696944968654,9,0.2824117754664507,3,5,0.006707145358790445,9,0.958556940262468,7,0.03473591437874145],"userEdges":[],"bonePose":[5,-0.4722578662779448,0.8814604402573056,-0.8814604402573056,-0.4722578662779448,74.09999999999998,-73.65,7,0.5495376474142315,0.8354689545844489,-0.8354689545844489,0.5495376474142315,38.15,-8.300000000000011,9,0.9836671804247672,0.1799968837374371,-0.1799968837374371,0.9836671804247672,70.15,40.349999999999994],"vertices":[-40,-68,40,-68,-40,68,40,68,7.37,-68,-24.63,-9.13,3.02,49.22,40,57.52],"uvs":[0,0,1,0,0,1,1,1,0.59211,0,0.19211,0.43288,0.53773,0.86193,1,0.92296],"slotPose":[0.9999999999999999,5.273559366969494e-16,-5.273559366969494e-16,0.9999999999999999,67.58147321501608,-13.472060017569794],"name":"leg2"}],"name":"leg2"},{"display":[{"type":"image","transform":{"y":-4.0591,"skX":1.858,"skY":1.858,"x":60.0707},"name":"body","path":"body"}],"name":"body"}]}],"animation":[{"duration":24,"bone":[{"frame":[{"duration":24,"tweenEasing":null,"transform":{}}],"name":"root"},{"frame":[{"duration":24,"tweenEasing":0,"transform":{"y":-37.3603,"x":-100.6442}},{"duration":0,"tweenEasing":null,"transform":{"y":-63.3145,"x":-97.5907}}],"name":"bone_ikTarget"},{"frame":[{"duration":24,"tweenEasing":0,"transform":{"scX":-1}},{"duration":0,"tweenEasing":null,"transform":{"scX":-1}}],"name":"body"},{"frame":[{"duration":24,"tweenEasing":0,"transform":{"y":-15.2491,"x":-300.4076}},{"duration":0,"tweenEasing":null,"transform":{"y":9.1784,"x":-291.2473}}],"name":"bone_ikTarget1"},{"frame":[{"duration":24,"tweenEasing":null,"transform":{}}],"name":"leg1"},{"frame":[{"duration":24,"tweenEasing":null,"transform":{}}],"name":"leg2"},{"frame":[{"duration":24,"tweenEasing":null,"transform":{}}],"name":"leg11"},{"frame":[{"duration":24,"tweenEasing":null,"transform":{}}],"name":"leg21"},{"frame":[{"duration":24,"tweenEasing":null,"transform":{}}],"name":"leg12"},{"frame":[{"duration":24,"tweenEasing":null,"transform":{}}],"name":"leg22"}],"frame":[],"playTimes":0,"slot":[],"name":"animation","ffd":[]},{"duration":48,"bone":[{"frame":[{"duration":48,"tweenEasing":null,"transform":{}}],"name":"root"},{"frame":[{"duration":24,"tweenEasing":0,"transform":{"y":-29.9849,"x":13.0514}},{"duration":24,"tweenEasing":0,"transform":{"y":-9.7447,"x":13.0514}},{"duration":0,"tweenEasing":null,"transform":{"y":-29.9849,"x":13.0514}}],"name":"bone_ikTarget"},{"frame":[{"duration":48,"tweenEasing":null,"transform":{}}],"name":"body"},{"frame":[{"duration":24,"tweenEasing":0,"transform":{"y":-46.9061,"x":12.0194}},{"duration":24,"tweenEasing":null,"transform":{"y":-26.0596,"x":12.0194}}],"name":"bone_ikTarget1"},{"frame":[{"duration":48,"tweenEasing":null,"transform":{}}],"name":"leg1"},{"frame":[{"duration":48,"tweenEasing":null,"transform":{}}],"name":"leg2"},{"frame":[{"duration":48,"tweenEasing":null,"transform":{}}],"name":"leg11"},{"frame":[{"duration":48,"tweenEasing":null,"transform":{}}],"name":"leg21"},{"frame":[{"duration":48,"tweenEasing":null,"transform":{}}],"name":"leg12"},{"frame":[{"duration":48,"tweenEasing":null,"transform":{}}],"name":"leg22"}],"frame":[],"playTimes":0,"slot":[],"name":"animation1","ffd":[]}],"bone":[{"transform":{},"name":"root"},{"transform":{"y":52.5784,"x":-3.3167},"name":"bone_ikTarget","parent":"root"},{"length":151,"parent":"root","transform":{"y":-81.25,"skX":-1.858,"skY":-1.858,"x":-51.7},"name":"body"},{"transform":{"y":45.9299,"x":100.6437},"name":"bone_ikTarget1","parent":"root"},{"length":60,"parent":"body","transform":{"y":13.5183,"skX":119.1467,"skY":119.1467,"x":6.5151},"name":"leg1"},{"length":76,"parent":"body","transform":{"y":11.6748,"skX":120.039,"skY":120.039,"x":125.4874},"name":"leg2"},{"length":63,"parent":"leg1","transform":{"skX":-57.5711,"skY":-57.5711,"x":60.1998},"name":"leg11"},{"length":58,"parent":"leg2","transform":{"y":0.8265,"skX":-61.5163,"skY":-61.5163,"x":74.5811},"name":"leg21"},{"length":39,"parent":"leg11","transform":{"skX":-41.4443,"skY":-41.4443,"x":63.459},"name":"leg12"},{"length":31,"parent":"leg21","transform":{"skX":-46.2951,"skY":-46.2951,"x":58.2308},"name":"leg22"}],"ik":[{"target":"bone_ikTarget","bendPositive":"false","name":"bone_ik","bone":"leg12","chain":1},{"target":"bone_ikTarget1","bendPositive":"false","name":"bone_ik1","bone":"leg22","chain":1}],"type":"Armature","slot":[{"color":{},"name":"body","parent":"body"},{"z":1,"color":{},"name":"leg2","parent":"leg22"},{"z":2,"color":{},"name":"leg1","parent":"leg12"}],"name":"Armature","defaultActions":[{"gotoAndPlay":"animation"}]}]}